
INSERT INTO `Authors` VALUES (1,'Raghu Ramakrishnan'),(2,'Johannes Gehrke'),(3,'Xiaohong Zhao'),(4,'Yaping Ding'),(5,'Xiaoling Yang'),(6,'Abraham Silberschatz'),(7,'Peter Baer Galvin'),(8,'Greg Gagne'),(9,'Sheldon Axler'),(10,'Sanjeev Arora'),(11,'Boaz Barak'),(12,'John L. Hennessy'),(13,'David A. Patterson'),(14,'Wen Cao'),(15,'Michael Wong'),(16,'Harold Abelson'),(17,'Gerald Jay Sussman'),(18,'Julie Sussman'),(19,'John E. Hopcroft'),(20,'Rajeev Motwani'),(21,'Jeffrey D. Ullman');


INSERT INTO `Books` VALUES ('9781118063330','Operating System Concepts (Ninth Edition)','Wiley',2008,5,78000,0,'os operating system 9th','computer science'),('9787040209280','Operating System Concepts (Seventh Edition)','Higher Education Press',2007,20,7200,0,'os operating system 7th','computer science'),('9787111135104','Structure and Interpretation of Computer Programs Second Edition','China Machine Press',2013,50,4500,0,'SICP scheme textbook MIT','computer science'),('9787111240358','Introduction to Automata Theory, Languages, and Computation Third Edition','China Machine Press',2013,100,4900,0,'automata thoery language textbook','computer science'),('9787111364580','Computer Architecture: A Quantitative Approach, Fifth Edition','China Machine Press',2012,70,13800,0,'computer architecture cs','computer science'),('9787111426608','Understanding C++11 - Analysis and Application of New Features','China Machine Press',2013,200,6900,0,'C++ C++11 PL programming language','computer science'),('9787302075554','Database Management Systems Third Edition','Tsinghua University Press',2003,100,9600,0,'database system','computer science'),('9787305042461','Noip Training (Advanced Version)','Nanking University Press',2004,200,3000,0,'noip training olympiad','noip'),('9787313055811','Presentation Skills','Shanghai Jiao Tong University Press',2009,50,2700,0,'english presentation','english'),('9787506292191','Linear Algebra Done Right','World Book Press',2008,100,4900,0,'linear algebra','math'),('9787510042867','Computational Complexity','World Book Press',2012,10,9900,0,'complexity cs','computer science');


INSERT INTO `Written_by` VALUES ('9787302075554',1),('9787302075554',2),('9787313055811',3),('9787313055811',4),('9787313055811',5),('9781118063330',6),('9787040209280',6),('9781118063330',7),('9787040209280',7),('9781118063330',8),('9787040209280',8),('9787506292191',9),('9787510042867',10),('9787510042867',11),('9787111364580',12),('9787111364580',13),('9787305042461',14),('9787111426608',15),('9787111135104',16),('9787111135104',17),('9787111135104',18),('9787111240358',19),('9787111240358',20),('9787111240358',21);
